chave,categoria,valor,turno,fonte_url,fonte_descricao,data,revisado,revisado_em,nota
partido:AGIR,campo_ideologico,direita,,https://doi.org/10.1590/1807-0191202531120,"Bolognesi, Ribeiro, Codato & Silva (2025), Opinião Pública 31, tabela 1 (rodada 2022): média ponderada 7,780 — direita",2026-09-29,nao,,"Ex-PTC; nome Agir aprovado pelo TSE em 31/03/2022, antes da rodada de jul/2022, que já o lista como AGIR (https://www.tse.jus.br/comunicacao/noticias/2022/Marco/tse-aprova-alteracao-e-partido-trabalhista-cristao-passa-a-se-chamar-agir). Confiança: alta."
partido:AVANTE,campo_ideologico,centro_direita,,https://doi.org/10.1590/1807-0191202531120,"Bolognesi, Ribeiro, Codato & Silva (2025), Opinião Pública 31, tabela 1 (rodada 2022): média ponderada 6,667 — centro-direita",2026-09-29,nao,,Confiança: alta.
partido:CIDADANIA,campo_ideologico,centro_direita,,https://doi.org/10.1590/1807-0191202531120,"Bolognesi, Ribeiro, Codato & Silva (2025), Opinião Pública 31, tabela 1 (rodada 2022): média ponderada 6,358 — centro-direita",2026-09-29,nao,,"Listado como CDD (ex-PPS). Era centro em 2018 (4,92); os autores atribuem a mudança à federação com o PSDB. Confiança: alta."
partido:DC,campo_ideologico,direita,,https://doi.org/10.1590/1807-0191202531120,"Bolognesi, Ribeiro, Codato & Silva (2025), Opinião Pública 31, tabela 1 (rodada 2022): média ponderada 8,460 — direita",2026-09-29,nao,,Confiança: alta.
partido:DEMOCRATA,campo_ideologico,direita,,https://doi.org/10.1590/1807-0191202531120,"Bolognesi, Ribeiro, Codato & Silva (2025), Opinião Pública 31, tabela 1 (rodada 2022): média ponderada 7,512 (como PMB) — direita",2026-09-29,nao,,"Democrata é o antigo PMB (Partido da Mulher Brasileira), renomeado pelo TSE em 02/12/2025, mesmo número 35 (https://www.metropoles.com/colunas/grande-angular/tse-aprova-mudanca-em-partido-e-pmb-passa-a-se-chamar-democrata). Valor herdado do PMB (regra dos autores para mudança só de nome). PMB teve 153 não respostas; era centro-direita em 2018 (6,90). Confiança: média."
partido:MDB,campo_ideologico,centro_direita,,https://doi.org/10.1590/1807-0191202531120,"Bolognesi, Ribeiro, Codato & Silva (2025), Opinião Pública 31, tabela 1 (rodada 2022): média ponderada 6,698 — centro-direita",2026-09-29,nao,,"Na rodada 2018 era direita por 0,01 (7,01). Confiança: alta para a rodada 2022."
partido:MISSÃO,campo_ideologico,sem_posicao_clara,,https://www.conjur.com.br/2025-nov-04/missao-partido-politico-do-mbl-tem-registro-deferido-pelo-tse/,"Registrado no TSE em 04/11/2025 (Conjur), depois das rodadas 2018 e 2022 do survey de especialistas; sem classificação acadêmica publicada",2026-09-29,nao,,"Partido do MBL. Imprensa e o próprio presidente o situam no campo da direita, mas não há classificação por especialistas; regra do briefing: partido novo sem fonte acadêmica = sem posição clara. Rever quando houver. Confiança: n/a."
partido:MOBILIZA,campo_ideologico,centro_direita,,https://doi.org/10.1590/1807-0191202531120,"Bolognesi, Ribeiro, Codato & Silva (2025), Opinião Pública 31, tabela 1 (rodada 2022): média ponderada 6,945 (como PMN) — centro-direita",2026-09-29,nao,,"Mobiliza é o antigo PMN; nome homologado pelo TSE em dez/2023, mesmo número 33 (https://www.tse.jus.br/comunicacao/noticias/2023/Dezembro/plenario-decide-que-pmn-so-pode-manter-uma-entidade-de-direito-privado-destinada-a-pesquisa). Valor herdado do PMN. A 0,055 do corte da direita; 168 não respostas. Confiança: média."
partido:NOVO,campo_ideologico,direita,,https://doi.org/10.1590/1807-0191202531120,"Bolognesi, Ribeiro, Codato & Silva (2025), Opinião Pública 31, tabela 1 (rodada 2022): média ponderada 8,934 — extrema direita",2026-09-29,nao,,Colapso: 'extrema direita' do artigo vira 'direita' na nossa escala de 6 valores. Confiança: alta.
partido:PCB,campo_ideologico,esquerda,,https://doi.org/10.1590/1807-0191202531120,"Bolognesi, Ribeiro, Codato & Silva (2025), Opinião Pública 31, tabela 1 (rodada 2022): média ponderada 0,711 — extrema esquerda",2026-09-29,nao,,Colapso: 'extrema esquerda' do artigo vira 'esquerda' na nossa escala de 6 valores. Confiança: alta.
partido:PCDOB,campo_ideologico,esquerda,,https://doi.org/10.1590/1807-0191202531120,"Bolognesi, Ribeiro, Codato & Silva (2025), Opinião Pública 31, tabela 1 (rodada 2022): média ponderada 1,834 — esquerda",2026-09-29,nao,,Confiança: alta.
partido:PCO,campo_ideologico,esquerda,,https://doi.org/10.1590/1807-0191202531120,"Bolognesi, Ribeiro, Codato & Silva (2025), Opinião Pública 31, tabela 1 (rodada 2022): média ponderada 0,566 — extrema esquerda",2026-09-29,nao,,Colapso: 'extrema esquerda' do artigo vira 'esquerda' na nossa escala de 6 valores. Confiança: alta.
partido:PDT,campo_ideologico,centro_esquerda,,https://doi.org/10.1590/1807-0191202531120,"Bolognesi, Ribeiro, Codato & Silva (2025), Opinião Pública 31, tabela 1 (rodada 2022): média ponderada 3,977 — centro-esquerda",2026-09-29,nao,,Confiança: alta.
partido:PL,campo_ideologico,direita,,https://doi.org/10.1590/1807-0191202531120,"Bolognesi, Ribeiro, Codato & Silva (2025), Opinião Pública 31, tabela 1 (rodada 2022): média ponderada 9,068 — extrema direita",2026-09-29,nao,,Colapso: 'extrema direita' do artigo vira 'direita' na nossa escala de 6 valores. Maior nota da tabela. Confiança: alta.
partido:PODE,campo_ideologico,direita,,https://doi.org/10.1590/1807-0191202531120,"Bolognesi, Ribeiro, Codato & Silva (2025), Opinião Pública 31, tabela 1 (rodada 2022): média ponderada 7,666 — direita",2026-09-29,nao,,"Podemos incorporou o PSC em jun/2023 (https://www.tse.jus.br/comunicacao/noticias/2023/Junho/tse-aprova-incorporacao-do-partido-social-cristao-pelo-podemos); PSC era 8,666 (extrema direita). Qualquer média com o PSC continua direita. Confiança: alta."
partido:PP,campo_ideologico,direita,,https://doi.org/10.1590/1807-0191202531120,"Bolognesi, Ribeiro, Codato & Silva (2025), Opinião Pública 31, tabela 1 (rodada 2022): média ponderada 8,398 (como PROGRE) — direita",2026-09-29,nao,,Progressistas. Confiança: alta.
partido:PRD,campo_ideologico,direita,,https://doi.org/10.1590/1807-0191202531120,"Bolognesi, Ribeiro, Codato & Silva (2025), Opinião Pública 31, tabela 1: PTB 7,955 (direita) e PATRI 8,862 (extrema direita); média 8,41 — direita (cálculo nosso)",2026-09-29,nao,,"PRD = fusão PTB + Patriota aprovada pelo TSE em 09/11/2023, depois da rodada 2022 (https://conjur.com.br/2023-nov-09/tse-autoriza-fusao-de-ptb-e-patriota-para-criacao-do-prd/). Aplicada a regra dos próprios autores para fusões (média aritmética das siglas). Com as médias brutas dá 8,16, também direita. Confiança: média."
partido:PRTB,campo_ideologico,direita,,https://doi.org/10.1590/1807-0191202531120,"Bolognesi, Ribeiro, Codato & Silva (2025), Opinião Pública 31, tabela 1 (rodada 2022): média ponderada 7,718 — direita",2026-09-29,nao,,Confiança: alta.
partido:PSB,campo_ideologico,centro_esquerda,,https://doi.org/10.1590/1807-0191202531120,"Bolognesi, Ribeiro, Codato & Silva (2025), Opinião Pública 31, tabela 1 (rodada 2022): média ponderada 3,699 — centro-esquerda",2026-09-29,nao,,Confiança: alta.
partido:PSD,campo_ideologico,direita,,https://doi.org/10.1590/1807-0191202531120,"Bolognesi, Ribeiro, Codato & Silva (2025), Opinião Pública 31, tabela 1 (rodada 2022): média ponderada 7,151 — direita",2026-09-29,nao,,"LIMÍTROFE: a média bruta de 2022 é 6,94 (centro-direita); 'direita' vem da média ponderada que os autores publicam (a de 2022 multiplicada por ≈1,03). Único partido cujo valor muda na nossa escala conforme a coluna usada. Confiança: média."
partido:PSDB,campo_ideologico,centro_direita,,https://doi.org/10.1590/1807-0191202531120,"Bolognesi, Ribeiro, Codato & Silva (2025), Opinião Pública 31, tabela 1 (rodada 2022): média ponderada 6,966 — centro-direita",2026-09-29,nao,,"LIMÍTROFE: a 0,034 do corte da direita. Era direita em 2018 (7,11). Confiança: média."
partido:PSOL,campo_ideologico,esquerda,,https://doi.org/10.1590/1807-0191202531120,"Bolognesi, Ribeiro, Codato & Silva (2025), Opinião Pública 31, tabela 1 (rodada 2022): média ponderada 1,453 — extrema esquerda",2026-09-29,nao,,Colapso: 'extrema esquerda' do artigo vira 'esquerda' na nossa escala de 6 valores. Confiança: alta.
partido:PSTU,campo_ideologico,esquerda,,https://doi.org/10.1590/1807-0191202531120,"Bolognesi, Ribeiro, Codato & Silva (2025), Opinião Pública 31, tabela 1 (rodada 2022): média ponderada 0,525 — extrema esquerda",2026-09-29,nao,,Colapso: 'extrema esquerda' do artigo vira 'esquerda' na nossa escala de 6 valores. Confiança: alta.
partido:PT,campo_ideologico,esquerda,,https://doi.org/10.1590/1807-0191202531120,"Bolognesi, Ribeiro, Codato & Silva (2025), Opinião Pública 31, tabela 1 (rodada 2022): média ponderada 2,761 — esquerda",2026-09-29,nao,,Confiança: alta.
partido:PV,campo_ideologico,centro_esquerda,,https://doi.org/10.1590/1807-0191202531120,"Bolognesi, Ribeiro, Codato & Silva (2025), Opinião Pública 31, tabela 1 (rodada 2022): média ponderada 4,245 — centro-esquerda",2026-09-29,nao,,"Era centro em 2018 (5,29); os autores atribuem a mudança à federação com o PT. Confiança: alta."
partido:REDE,campo_ideologico,centro_esquerda,,https://doi.org/10.1590/1807-0191202531120,"Bolognesi, Ribeiro, Codato & Silva (2025), Opinião Pública 31, tabela 1 (rodada 2022): média ponderada 3,802 — centro-esquerda",2026-09-29,nao,,"Era centro em 2018 (4,77). Confiança: alta."
partido:REPUBLICANOS,campo_ideologico,direita,,https://doi.org/10.1590/1807-0191202531120,"Bolognesi, Ribeiro, Codato & Silva (2025), Opinião Pública 31, tabela 1 (rodada 2022): média ponderada 8,584 (como REP) — extrema direita",2026-09-29,nao,,"Colapso: 'extrema direita' do artigo vira 'direita' na nossa escala de 6 valores. Ex-PRB. Pela média bruta (8,33) seria direita; nos dois casos, direita na nossa escala. Confiança: alta."
partido:SOLIDARIEDADE,campo_ideologico,centro_direita,,https://doi.org/10.1590/1807-0191202531120,"Bolognesi, Ribeiro, Codato & Silva (2025), Opinião Pública 31, tabela 1 (rodada 2022): média ponderada 6,193 (como SDD) — centro-direita",2026-09-29,nao,,"Incorporou o PROS em 14/02/2023 (https://agenciabrasil.ebc.com.br/politica/noticia/2023-02/tse-aprova-incorporacao-do-pros-ao-solidariedade); PROS era 7,677 (direita). Regra dos autores: partido incorporado sai da conta; mesmo com média simples (6,94) continua centro-direita. Confiança: alta."
partido:UNIÃO,campo_ideologico,direita,,https://doi.org/10.1590/1807-0191202531120,"Bolognesi, Ribeiro, Codato & Silva (2025), Opinião Pública 31, tabela 1 (rodada 2022): média ponderada 8,749 (como UNIAO) — extrema direita",2026-09-29,nao,,"Colapso: 'extrema direita' do artigo vira 'direita' na nossa escala de 6 valores. Fusão DEM + PSL (TSE, 08/02/2022, https://agenciabrasil.ebc.com.br/politica/noticia/2022-02/tse-aprova-criacao-da-uniao-brasil-fusao-entre-dem-e-psl) já avaliada com nome próprio na rodada 2022. Confiança: alta."
partido:UP,campo_ideologico,esquerda,,https://doi.org/10.1590/1807-0191202531120,"Bolognesi, Ribeiro, Codato & Silva (2025), Opinião Pública 31, tabela 1 (rodada 2022): média ponderada 1,679 — esquerda",2026-09-29,nao,,"Registrada em 2019; só aparece na rodada 2022. 130 não respostas e alta dispersão (CV 1,50). Confiança: média."
federacao:PT/PC do B/PV,campo_ideologico,esquerda,,https://doi.org/10.1590/1807-0191202531120,"Opinião Pública 31 (2025), tabela 1: PT 2,761 esquerda; PCdoB 1,834 esquerda; PV 4,245 centro-esquerda",2026-09-29,nao,,"Membros divergem (PV centro-esquerda). Regra: valor do maior membro (PT, 68 dos 80–81 eleitos da federação em 2022, https://www.camara.leg.br/deputados/liderancas-e-bancadas-partidarias/bancada-na-eleicao). Média simples 2,95 e média por cadeiras 2,80 também dão esquerda. Confiança: alta."
federacao:PSOL/REDE,campo_ideologico,esquerda,,https://doi.org/10.1590/1807-0191202531120,"Opinião Pública 31 (2025), tabela 1: PSOL 1,453 extrema esquerda (→ esquerda); REDE 3,802 centro-esquerda",2026-09-29,nao,,"Membros divergem. Regra: maior membro (PSOL, 12 dos 14 eleitos em 2022). Média simples 2,63 e por cadeiras 1,79 também dão esquerda. Confiança: alta."
federacao:PSDB/CIDADANIA,campo_ideologico,centro_direita,,https://doi.org/10.1590/1807-0191202531120,"Opinião Pública 31 (2025), tabela 1: PSDB 6,966 centro-direita; CDD 6,358 centro-direita",2026-09-29,nao,,Membros coincidem. PSDB limítrofe com a direita. Confiança: média.
federacao:UNIÃO/PP,campo_ideologico,direita,,https://doi.org/10.1590/1807-0191202531120,"Opinião Pública 31 (2025), tabela 1: UNIAO 8,749 extrema direita (→ direita); PROGRE 8,398 direita",2026-09-29,nao,,Membros coincidem depois do colapso da extrema direita. Federação União Progressista aprovada pelo TSE em 26/03/2026 (https://agenciabrasil.ebc.com.br/justica/noticia/2026-03/tse-aprova-registro-da-federacao-uniao-progressista). Confiança: alta.
federacao:PRD/SOLIDARIEDADE,campo_ideologico,centro_direita,,https://doi.org/10.1590/1807-0191202531120,"Opinião Pública 31 (2025), tabela 1: PRD 8,41 direita (média PTB/PATRI, cálculo nosso); SDD 6,193 centro-direita",2026-09-29,nao,,"Membros divergem E as regras discordam: pelo maior membro (Solidariedade: 7 x 5 eleitos em 2022, 6 x 2 em mai/2026, https://www.congressoemfoco.com.br/noticia/119145/veja-como-eram-e-como-ficaram-as-bancadas-desde-a-eleicao-de-2022) dá centro-direita; pela média simples (7,30) ou por cadeiras de 2022 (7,12) dá direita. Federação Renovação Solidária aprovada pelo TSE em 04/12/2025 (https://www.cnnbrasil.com.br/eleicoes/tse-aprova-criacao-de-federacao-entre-solidariedade-e-prd/). Confiança: baixa."
partido:PT,relacao_governo,base_governo,,https://dadosabertos.camara.leg.br,"Governismo na Câmara (dados abertos da Câmara, 871 votações 03/2023–03/09/2026): 98,8% de votos com a orientação do governo nas votações disputadas (49.609 votos); regra 65/35 do dono aplicada à média do partido",2026-09-29,nao,,"Rascunho: regra individual dos deputados estendida ao partido — revisar"
partido:PCDOB,relacao_governo,base_governo,,https://dadosabertos.camara.leg.br,"Governismo na Câmara (dados abertos da Câmara, 871 votações 03/2023–03/09/2026): 98,6% de votos com a orientação do governo nas votações disputadas (6.107 votos); regra 65/35 do dono aplicada à média do partido",2026-09-29,nao,,"Rascunho: regra individual dos deputados estendida ao partido — revisar"
partido:PV,relacao_governo,base_governo,,https://dadosabertos.camara.leg.br,"Governismo na Câmara (dados abertos da Câmara, 871 votações 03/2023–03/09/2026): 97,5% de votos com a orientação do governo nas votações disputadas (3.503 votos); regra 65/35 do dono aplicada à média do partido",2026-09-29,nao,,"Rascunho: regra individual dos deputados estendida ao partido — revisar"
partido:PSB,relacao_governo,base_governo,,https://dadosabertos.camara.leg.br,"Governismo na Câmara (dados abertos da Câmara, 871 votações 03/2023–03/09/2026): 91,8% de votos com a orientação do governo nas votações disputadas (10.820 votos); regra 65/35 do dono aplicada à média do partido",2026-09-29,nao,,"Rascunho: regra individual dos deputados estendida ao partido — revisar"
partido:PDT,relacao_governo,base_governo,,https://dadosabertos.camara.leg.br,"Governismo na Câmara (dados abertos da Câmara, 871 votações 03/2023–03/09/2026): 89,6% de votos com a orientação do governo nas votações disputadas (12.508 votos); regra 65/35 do dono aplicada à média do partido",2026-09-29,nao,,"Rascunho: regra individual dos deputados estendida ao partido — revisar"
partido:PSOL,relacao_governo,base_governo,,https://dadosabertos.camara.leg.br,"Governismo na Câmara (dados abertos da Câmara, 871 votações 03/2023–03/09/2026): 89% de votos com a orientação do governo nas votações disputadas (9.288 votos); regra 65/35 do dono aplicada à média do partido",2026-09-29,nao,,"Rascunho: regra individual dos deputados estendida ao partido — revisar"
partido:SOLIDARIEDADE,relacao_governo,base_governo,,https://dadosabertos.camara.leg.br,"Governismo na Câmara (dados abertos da Câmara, 871 votações 03/2023–03/09/2026): 80,8% de votos com a orientação do governo nas votações disputadas (3.120 votos); regra 65/35 do dono aplicada à média do partido",2026-09-29,nao,,"Rascunho: regra individual dos deputados estendida ao partido — revisar"
partido:AVANTE,relacao_governo,base_governo,,https://dadosabertos.camara.leg.br,"Governismo na Câmara (dados abertos da Câmara, 871 votações 03/2023–03/09/2026): 77,3% de votos com a orientação do governo nas votações disputadas (4.893 votos); regra 65/35 do dono aplicada à média do partido",2026-09-29,nao,,"Rascunho: regra individual dos deputados estendida ao partido — revisar"
partido:PODE,relacao_governo,base_governo,,https://dadosabertos.camara.leg.br,"Governismo na Câmara (dados abertos da Câmara, 871 votações 03/2023–03/09/2026): 71,7% de votos com a orientação do governo nas votações disputadas (10.993 votos); regra 65/35 do dono aplicada à média do partido",2026-09-29,nao,,"Rascunho: regra individual dos deputados estendida ao partido — revisar"
partido:PSD,relacao_governo,base_governo,,https://dadosabertos.camara.leg.br,"Governismo na Câmara (dados abertos da Câmara, 871 votações 03/2023–03/09/2026): 71% de votos com a orientação do governo nas votações disputadas (29.314 votos); regra 65/35 do dono aplicada à média do partido",2026-09-29,nao,,"Rascunho: regra individual dos deputados estendida ao partido — revisar"
partido:REPUBLICANOS,relacao_governo,base_governo,,https://dadosabertos.camara.leg.br,"Governismo na Câmara (dados abertos da Câmara, 871 votações 03/2023–03/09/2026): 70% de votos com a orientação do governo nas votações disputadas (30.524 votos); regra 65/35 do dono aplicada à média do partido",2026-09-29,nao,,"Rascunho: regra individual dos deputados estendida ao partido — revisar"
partido:MDB,relacao_governo,base_governo,,https://dadosabertos.camara.leg.br,"Governismo na Câmara (dados abertos da Câmara, 871 votações 03/2023–03/09/2026): 67% de votos com a orientação do governo nas votações disputadas (26.938 votos); regra 65/35 do dono aplicada à média do partido",2026-09-29,nao,,"Rascunho: regra individual dos deputados estendida ao partido — revisar"
partido:PP,relacao_governo,independente,,https://dadosabertos.camara.leg.br,"Governismo na Câmara (dados abertos da Câmara, 871 votações 03/2023–03/09/2026): 63,3% de votos com a orientação do governo nas votações disputadas (32.947 votos); regra 65/35 do dono aplicada à média do partido",2026-09-29,nao,,"Rascunho: regra individual dos deputados estendida ao partido — revisar"
partido:PSDB,relacao_governo,independente,,https://dadosabertos.camara.leg.br,"Governismo na Câmara (dados abertos da Câmara, 871 votações 03/2023–03/09/2026): 62,5% de votos com a orientação do governo nas votações disputadas (9.372 votos); regra 65/35 do dono aplicada à média do partido",2026-09-29,nao,,"Rascunho: regra individual dos deputados estendida ao partido — revisar"
partido:UNIÃO,relacao_governo,independente,,https://dadosabertos.camara.leg.br,"Governismo na Câmara (dados abertos da Câmara, 871 votações 03/2023–03/09/2026): 55,4% de votos com a orientação do governo nas votações disputadas (39.445 votos); regra 65/35 do dono aplicada à média do partido",2026-09-29,nao,,"Rascunho: regra individual dos deputados estendida ao partido — revisar"
partido:CIDADANIA,relacao_governo,independente,,https://dadosabertos.camara.leg.br,"Governismo na Câmara (dados abertos da Câmara, 871 votações 03/2023–03/09/2026): 51,9% de votos com a orientação do governo nas votações disputadas (2.377 votos); regra 65/35 do dono aplicada à média do partido",2026-09-29,nao,,"Rascunho: regra individual dos deputados estendida ao partido — revisar"
partido:PRD,relacao_governo,independente,,https://dadosabertos.camara.leg.br,"Governismo na Câmara (dados abertos da Câmara, 871 votações 03/2023–03/09/2026): 43,8% de votos com a orientação do governo nas votações disputadas (2.110 votos); regra 65/35 do dono aplicada à média do partido",2026-09-29,nao,,"Rascunho: regra individual dos deputados estendida ao partido — revisar"
partido:PL,relacao_governo,oposicao,,https://dadosabertos.camara.leg.br,"Governismo na Câmara (dados abertos da Câmara, 871 votações 03/2023–03/09/2026): 10,8% de votos com a orientação do governo nas votações disputadas (64.518 votos); regra 65/35 do dono aplicada à média do partido",2026-09-29,nao,,"Rascunho: regra individual dos deputados estendida ao partido — revisar"
partido:NOVO,relacao_governo,oposicao,,https://dadosabertos.camara.leg.br,"Governismo na Câmara (dados abertos da Câmara, 871 votações 03/2023–03/09/2026): 3,1% de votos com a orientação do governo nas votações disputadas (3.196 votos); regra 65/35 do dono aplicada à média do partido",2026-09-29,nao,,"Rascunho: regra individual dos deputados estendida ao partido — revisar"
federacao:PT/PC do B/PV,relacao_governo,base_governo,,https://dadosabertos.camara.leg.br,"Governismo na Câmara: média ponderada por votos dos membros com dados (PT, PCdoB, PV) = 98,7% nas disputadas",2026-09-29,nao,,"Membros podem divergir — revisar"
federacao:PSOL/REDE,relacao_governo,base_governo,,https://dadosabertos.camara.leg.br,"Governismo na Câmara: média ponderada por votos dos membros com dados (PSOL) = 89,0% nas disputadas",2026-09-29,nao,,"Membro sem dados suficientes na Câmara não entra na média"
federacao:PSDB/CIDADANIA,relacao_governo,independente,,https://dadosabertos.camara.leg.br,"Governismo na Câmara: média ponderada por votos dos membros com dados (PSDB, CIDADANIA) = 60,4% nas disputadas",2026-09-29,nao,,"Membros podem divergir — revisar"
federacao:UNIÃO/PP,relacao_governo,independente,,https://dadosabertos.camara.leg.br,"Governismo na Câmara: média ponderada por votos dos membros com dados (UNIÃO, PP) = 59,0% nas disputadas",2026-09-29,nao,,"Membros podem divergir — revisar"
federacao:PRD/SOLIDARIEDADE,relacao_governo,base_governo,,https://dadosabertos.camara.leg.br,"Governismo na Câmara: média ponderada por votos dos membros com dados (PRD, SOLIDARIEDADE) = 65,9% nas disputadas",2026-09-29,nao,,"Membros podem divergir — revisar"
partido:PT,palanque_presidencial,palanque_lula,1,https://dadosabertos.tse.jus.br/dataset/candidatos-2026,"TSE, consulta_cand_2026: coligação ""BRASIL PRONTO PRA MAIS"" de Lula (PT) = PSB / PDT / Federação Brasil da Esperança (PT, PCdoB, PV) / Federação PSOL REDE",2026-09-29,nao,,"Padrão nacional; candidato estadual pode ter palanque diferente — exceção individual"
partido:PCDOB,palanque_presidencial,palanque_lula,1,https://dadosabertos.tse.jus.br/dataset/candidatos-2026,"TSE, consulta_cand_2026: coligação ""BRASIL PRONTO PRA MAIS"" de Lula (PT) = PSB / PDT / Federação Brasil da Esperança (PT, PCdoB, PV) / Federação PSOL REDE",2026-09-29,nao,,"Padrão nacional; candidato estadual pode ter palanque diferente — exceção individual"
partido:PV,palanque_presidencial,palanque_lula,1,https://dadosabertos.tse.jus.br/dataset/candidatos-2026,"TSE, consulta_cand_2026: coligação ""BRASIL PRONTO PRA MAIS"" de Lula (PT) = PSB / PDT / Federação Brasil da Esperança (PT, PCdoB, PV) / Federação PSOL REDE",2026-09-29,nao,,"Padrão nacional; candidato estadual pode ter palanque diferente — exceção individual"
partido:PSB,palanque_presidencial,palanque_lula,1,https://dadosabertos.tse.jus.br/dataset/candidatos-2026,"TSE, consulta_cand_2026: coligação ""BRASIL PRONTO PRA MAIS"" de Lula (PT) = PSB / PDT / Federação Brasil da Esperança (PT, PCdoB, PV) / Federação PSOL REDE",2026-09-29,nao,,"Padrão nacional; candidato estadual pode ter palanque diferente — exceção individual"
partido:PDT,palanque_presidencial,palanque_lula,1,https://dadosabertos.tse.jus.br/dataset/candidatos-2026,"TSE, consulta_cand_2026: coligação ""BRASIL PRONTO PRA MAIS"" de Lula (PT) = PSB / PDT / Federação Brasil da Esperança (PT, PCdoB, PV) / Federação PSOL REDE",2026-09-29,nao,,"Padrão nacional; candidato estadual pode ter palanque diferente — exceção individual"
partido:PSOL,palanque_presidencial,palanque_lula,1,https://dadosabertos.tse.jus.br/dataset/candidatos-2026,"TSE, consulta_cand_2026: coligação ""BRASIL PRONTO PRA MAIS"" de Lula (PT) = PSB / PDT / Federação Brasil da Esperança (PT, PCdoB, PV) / Federação PSOL REDE",2026-09-29,nao,,"Padrão nacional; candidato estadual pode ter palanque diferente — exceção individual"
partido:REDE,palanque_presidencial,palanque_lula,1,https://dadosabertos.tse.jus.br/dataset/candidatos-2026,"TSE, consulta_cand_2026: coligação ""BRASIL PRONTO PRA MAIS"" de Lula (PT) = PSB / PDT / Federação Brasil da Esperança (PT, PCdoB, PV) / Federação PSOL REDE",2026-09-29,nao,,"Padrão nacional; candidato estadual pode ter palanque diferente — exceção individual"
federacao:PT/PC do B/PV,palanque_presidencial,palanque_lula,1,https://dadosabertos.tse.jus.br/dataset/candidatos-2026,"TSE, consulta_cand_2026: federação integra a coligação de Lula",2026-09-29,nao,,
federacao:PSOL/REDE,palanque_presidencial,palanque_lula,1,https://dadosabertos.tse.jus.br/dataset/candidatos-2026,"TSE, consulta_cand_2026: federação integra a coligação de Lula",2026-09-29,nao,,
partido:PL,palanque_presidencial,palanque_flavio_bolsonaro,1,https://dadosabertos.tse.jus.br/dataset/candidatos-2026,"TSE, consulta_cand_2026: Flávio Bolsonaro (PL) concorre como partido isolado",2026-09-29,nao,,"Padrão nacional; exceções estaduais por candidato"
